Farm_ID,State,District,Crop,Season,Farm_Area_Hectares,Rainfall_mm,Avg_Temperature_C,Humidity_pct,Sunlight_Hours_Day,Soil_pH,Soil_Moisture_pct,Nitrogen_kg_ha,Phosphorus_kg_ha,Potassium_kg_ha,Irrigation_Method,Fertilizer_kg_ha,Pesticide_Litre_ha,Seed_Quality_Score,Yield_Tonnes_Ha,Production_Tonnes,Market_Price_INR_Tonne,Total_Cost_INR,Revenue_INR,Profit_INR,Water_Used_m3,Water_Efficiency_t_per_1000m3,Disease_Pest_Risk_pct
SF00001,Andhra Pradesh,Ludhiana,Maize,Zaid,5.3,437.5,18.5,50.9,7.5,5.08,19.9,99.2,51.3,43.1,Rainfed,258.1,1.06,0.92,0.41,2.17,54048,148393,117284,-31109,1271.4,1.707,51.9
SF00002,Andhra Pradesh,Warangal,Groundnut,Zaid,3.05,311.6,18.8,63.0,4.9,7.77,13.9,47.5,58.4,142.8,Rainfed,207.0,7.34,0.62,0.95,2.9,62118,73587,180142,106555,645.2,4.495,23.7
SF00003,Karnataka,Warangal,Pulses,Rabi,2.67,384.2,30.1,75.1,8.8,5.21,41.7,82.5,25.8,79.3,Rainfed,297.7,6.76,0.82,0.64,1.71,48512,72953,82956,10003,2024.6,0.845,51.1
SF00004,Karnataka,Warangal,Maize,Kharif,6.82,830.5,28.2,75.9,5.5,6.5,54.2,98.2,17.1,30.9,Rainfed,244.3,4.86,0.83,3.56,24.28,48021,36829,1165950,1129121,4064.2,5.974,31.7
SF00005,Andhra Pradesh,Nalgonda,Pulses,Zaid,7.98,437.7,19.1,59.1,11.0,6.59,58.6,129.8,6.0,118.1,Rainfed,249.1,4.06,0.72,0.88,7.02,82686,67662,580456,512794,3827.8,1.834,19.5
SF00006,Andhra Pradesh,Warangal,Rice,Kharif,0.52,399.1,20.9,87.7,10.5,7.76,39.9,75.8,14.5,64.4,Rainfed,132.7,3.17,0.83,3.33,1.73,52522,282451,90863,-191588,3857.4,0.448,14.7
SF00007,Karnataka,Ludhiana,Pulses,Rabi,5.99,522.1,28.9,88.2,10.5,7.27,44.5,108.4,38.9,110.8,Rainfed,176.4,5.66,0.65,3.73,22.34,87822,85934,1961943,1876009,816.3,27.367,23.5
SF00008,Andhra Pradesh,Rajkot,Rice,Kharif,3.04,824.3,33.5,43.5,5.7,7.01,20.7,24.2,84.5,95.7,Sprinkler,133.5,5.26,0.76,2.77,8.42,48161,328512,405516,77004,1257.0,6.698,15.7
SF00009,Andhra Pradesh,Rajkot,Wheat,Rabi,5.44,682.6,32.4,45.5,5.3,6.61,17.0,31.6,44.3,141.2,Drip,177.5,8.75,0.82,1.79,9.74,71883,264855,700140,435285,4346.4,2.241,13.0
SF00010,Karnataka,Indore,Rice,Rabi,7.99,822.0,21.0,40.1,6.7,7.78,49.3,46.4,64.2,119.6,Sprinkler,114.1,3.67,0.99,3.81,30.44,30224,143930,920019,776089,998.3,30.492,44.8
SF00011,Maharashtra,Rajkot,Maize,Kharif,4.57,154.8,19.2,83.1,6.8,7.82,38.5,88.9,8.4,22.3,Rainfed,285.6,2.84,0.89,3.44,15.72,25492,46289,400734,354445,3004.1,5.233,24.3
SF00012,Andhra Pradesh,Rajkot,Sugarcane,Zaid,3.47,898.8,35.9,43.7,5.5,5.8,56.7,132.7,79.7,65.4,Flood,176.4,5.89,0.72,3.12,10.83,57321,259717,620786,361069,1717.7,6.305,69.0
SF00013,Maharashtra,Warangal,Maize,Kharif,6.55,693.9,20.8,54.1,5.5,6.03,44.4,128.7,48.0,47.7,Drip,100.3,4.81,0.71,2.52,16.51,57240,74309,945032,870723,4706.9,3.508,10.2
SF00014,Karnataka,Ludhiana,Wheat,Kharif,6.28,160.2,33.9,85.2,7.8,7.5,39.1,26.5,15.8,56.2,Drip,277.8,2.89,0.7,2.98,18.71,52335,104715,979188,874473,3757.9,4.979,16.2
SF00015,Maharashtra,Nalgonda,Pulses,Rabi,6.35,119.8,31.3,56.6,10.5,7.41,53.2,122.6,27.7,128.1,Drip,164.2,1.35,0.79,4.01,25.46,71264,345405,1814381,1468976,3797.5,6.704,22.0
SF00016,Maharashtra,Indore,Groundnut,Rabi,7.39,791.5,35.4,54.0,8.5,6.2,59.1,82.8,84.8,27.3,Rainfed,119.3,9.66,0.71,1.77,13.08,47831,136876,625629,488753,313.6,41.709,16.5
SF00017,Andhra Pradesh,Indore,Rice,Rabi,3.76,135.5,25.8,66.0,9.6,7.06,57.0,111.9,21.7,74.7,Rainfed,217.1,6.97,0.65,3.36,12.63,59114,248796,746610,497814,3109.8,4.061,64.0
SF00018,Maharashtra,Nalgonda,Chilli,Zaid,4.3,852.3,30.2,85.1,8.3,5.9,37.4,5.1,29.4,74.5,Rainfed,182.3,4.98,0.69,3.1,13.33,60753,230973,809837,578864,3546.6,3.759,38.4
SF00019,Telangana,Rajkot,Rice,Zaid,7.26,348.3,32.5,47.4,4.3,7.95,40.6,116.4,43.7,142.9,Flood,238.0,4.46,0.76,3.64,26.43,40241,64457,1063570,999113,1562.2,16.918,18.9
SF00020,Karnataka,Rajkot,Rice,Kharif,5.66,465.2,32.4,73.4,10.9,6.79,57.5,134.3,57.1,117.9,Sprinkler,262.7,5.93,0.96,4.05,22.92,31970,242899,732752,489853,1250.4,18.33,54.6
SF00021,Karnataka,Nalgonda,Cotton,Rabi,4.06,162.0,23.1,53.6,6.2,6.62,16.9,38.5,64.0,116.0,Drip,171.3,3.98,0.79,1.39,5.64,50406,165391,284290,118899,3875.9,1.455,13.7
SF00022,Andhra Pradesh,Warangal,Cotton,Rabi,6.75,782.8,35.2,61.0,9.2,6.64,40.2,37.0,23.7,75.4,Drip,165.5,7.02,0.92,1.94,13.09,20560,321827,269130,-52697,2025.8,6.462,53.5
SF00023,Andhra Pradesh,Rajkot,Chilli,Kharif,6.8,793.5,21.3,53.0,6.3,6.36,26.9,132.5,28.7,152.7,Sprinkler,135.5,1.74,0.61,4.16,28.29,88008,34138,2489746,2455608,4553.3,6.213,42.4
SF00024,Maharashtra,Nalgonda,Wheat,Zaid,8.0,221.9,20.3,73.5,7.9,5.65,45.0,116.2,19.3,101.1,Drip,251.1,2.47,0.72,1.77,14.16,26993,41106,382221,341115,3820.3,3.707,44.7
SF00025,Maharashtra,Rajkot,Rice,Kharif,7.47,657.8,23.4,74.2,9.6,7.39,38.3,11.0,50.3,109.2,Drip,191.3,4.07,0.94,2.72,20.32,67192,227961,1365341,1137380,4719.1,4.306,59.3
SF00026,Telangana,Ludhiana,Sugarcane,Rabi,1.29,448.5,31.2,53.4,10.0,7.49,14.3,132.8,25.7,79.7,Sprinkler,154.0,5.45,0.73,4.34,5.6,78258,100211,438245,338034,2290.3,2.445,39.3
SF00027,Telangana,Ludhiana,Wheat,Zaid,3.16,858.5,19.5,76.0,7.4,7.27,44.5,98.7,46.7,128.9,Drip,144.7,4.64,0.7,1.39,4.39,54655,332556,239935,-92621,3565.7,1.231,49.8
SF00028,Telangana,Warangal,Sugarcane,Rabi,3.27,345.3,22.1,76.1,6.2,7.23,57.5,105.1,21.3,120.8,Rainfed,239.4,9.79,0.81,2.62,8.57,63056,243086,540390,297304,4983.8,1.72,27.0
SF00029,Andhra Pradesh,Ludhiana,Pulses,Rabi,1.25,136.4,19.0,54.6,10.6,6.91,47.6,19.9,6.0,52.7,Sprinkler,176.9,2.66,0.62,1.12,1.4,47816,209205,66942,-142263,1061.3,1.319,66.5
SF00030,Andhra Pradesh,Nalgonda,Pulses,Zaid,4.08,859.3,19.5,52.4,7.9,6.25,39.8,94.7,70.9,67.1,Sprinkler,145.4,6.3,0.77,3.75,15.3,70521,277816,1078971,801155,555.6,27.538,44.1
SF00031,Telangana,Rajkot,Pulses,Kharif,0.95,239.1,19.4,40.1,7.2,6.78,24.6,38.6,65.1,115.4,Sprinkler,95.7,3.1,0.71,4.33,4.11,31006,128940,127435,-1505,3202.5,1.283,57.5
SF00032,Maharashtra,Nalgonda,Cotton,Kharif,4.92,157.1,21.0,55.4,9.2,6.71,24.4,23.0,63.5,115.0,Rainfed,190.1,5.44,0.63,3.68,18.11,43928,242895,795536,552641,750.9,24.118,12.4
SF00033,Andhra Pradesh,Warangal,Wheat,Kharif,3.74,476.4,29.7,85.8,5.3,6.76,41.7,76.3,12.8,62.2,Rainfed,150.6,1.94,0.66,1.65,6.17,50816,33560,313535,279975,638.4,9.665,34.7
SF00034,Andhra Pradesh,Warangal,Cotton,Rabi,4.22,192.7,31.9,83.2,9.8,5.0,53.5,72.0,9.6,87.8,Sprinkler,217.6,7.84,0.68,3.08,13.0,70488,308409,916344,607935,376.1,34.565,43.0
SF00035,Maharashtra,Nalgonda,Cotton,Zaid,7.46,110.9,25.3,51.2,9.9,5.34,57.4,98.9,18.1,149.9,Rainfed,192.0,3.46,0.93,2.14,15.96,81532,83662,1301251,1217589,338.6,47.135,68.8
SF00036,Maharashtra,Rajkot,Cotton,Rabi,2.33,371.9,32.2,53.4,4.0,7.18,51.9,89.1,61.1,139.8,Sprinkler,198.5,4.11,0.82,2.62,6.1,68277,119934,416490,296556,4625.0,1.319,42.6
SF00037,Maharashtra,Indore,Wheat,Rabi,3.92,695.8,30.7,80.6,6.7,6.99,51.0,147.2,47.1,15.6,Rainfed,271.3,8.87,0.78,1.65,6.47,42727,145202,276444,131242,2944.6,2.197,41.6
SF00038,Telangana,Warangal,Chilli,Zaid,3.93,164.3,23.9,73.7,7.7,7.86,41.3,133.7,46.5,91.2,Drip,131.6,7.16,0.71,3.33,13.09,71736,100929,939024,838095,559.2,23.408,23.6
SF00039,Telangana,Rajkot,Wheat,Rabi,1.18,736.9,23.3,58.7,5.0,6.59,38.3,119.9,19.4,21.8,Sprinkler,216.3,3.17,0.97,4.41,5.2,31173,252615,162100,-90515,998.6,5.207,18.6
SF00040,Karnataka,Warangal,Pulses,Kharif,3.96,453.4,24.2,69.4,8.5,6.27,22.5,127.6,21.9,67.7,Sprinkler,103.5,4.43,0.74,1.37,5.43,51466,24926,279460,254534,4514.8,1.203,27.8
SF00041,Andhra Pradesh,Ludhiana,Sugarcane,Rabi,5.74,720.6,22.1,80.1,5.5,5.57,22.5,114.6,70.2,112.1,Flood,218.2,9.13,0.86,0.39,2.24,69879,163906,156529,-7377,238.9,9.376,28.5
SF00042,Telangana,Indore,Pulses,Kharif,3.81,205.7,27.7,88.6,7.7,7.74,51.5,42.3,75.1,82.3,Rainfed,244.2,4.05,0.65,2.73,10.4,35224,67255,366330,299075,4566.2,2.278,67.8
SF00043,Karnataka,Rajkot,Cotton,Zaid,1.56,198.9,24.6,77.5,5.8,6.14,41.9,58.9,62.4,80.7,Rainfed,281.4,2.99,0.63,4.36,6.8,70089,312192,476605,164413,1955.7,3.477,59.4
SF00044,Andhra Pradesh,Warangal,Sugarcane,Kharif,7.32,177.8,34.0,46.8,7.2,7.01,47.2,142.2,40.6,121.3,Flood,274.8,6.89,0.93,1.57,11.49,71516,81171,821719,740548,870.9,13.193,46.9
SF00045,Maharashtra,Warangal,Maize,Zaid,7.54,393.9,34.2,72.2,4.4,5.83,58.4,142.6,75.1,23.8,Flood,221.2,6.37,0.61,1.47,11.08,66566,133911,737551,603640,2328.2,4.759,57.2
SF00046,Maharashtra,Ludhiana,Rice,Kharif,2.33,362.8,20.7,85.0,4.0,7.58,17.2,23.8,26.3,36.2,Drip,109.0,4.22,0.92,0.83,1.93,44896,55971,86649,30678,4183.1,0.461,45.3
SF00047,Andhra Pradesh,Indore,Sugarcane,Rabi,0.62,510.6,20.0,65.2,10.6,5.13,49.2,130.7,49.3,78.7,Drip,93.4,5.31,0.76,1.41,0.87,34614,240704,30114,-210590,2725.2,0.319,51.2
SF00048,Maharashtra,Rajkot,Pulses,Rabi,4.18,599.5,28.5,75.6,6.7,6.79,24.7,78.3,41.6,129.0,Drip,267.6,6.86,0.91,4.12,17.22,27632,62357,475823,413466,1746.1,9.862,53.3
SF00049,Karnataka,Indore,Chilli,Zaid,2.11,176.1,25.7,73.3,6.6,5.46,56.1,14.7,75.7,24.0,Drip,243.8,4.35,0.65,2.2,4.64,47949,236957,222483,-14474,1826.9,2.54,13.6
SF00050,Karnataka,Rajkot,Cotton,Zaid,7.67,350.0,19.9,65.4,5.1,6.45,52.4,55.8,52.3,27.2,Rainfed,206.3,8.26,0.94,2.66,20.4,34021,235382,694028,458646,1897.3,10.752,68.5
SF00051,Telangana,Rajkot,Pulses,Rabi,6.64,662.2,23.6,57.0,4.0,7.61,38.3,63.1,17.1,105.0,Drip,100.2,5.77,0.75,2.88,19.12,21441,339288,409952,70664,4659.6,4.103,37.2
SF00052,Andhra Pradesh,Nalgonda,Pulses,Zaid,1.68,139.8,19.5,62.2,7.0,6.82,30.7,36.3,48.5,61.8,Drip,142.3,7.11,0.79,1.61,2.7,60517,317582,163396,-154186,3061.9,0.882,50.0
SF00053,Maharashtra,Nalgonda,Cotton,Rabi,0.84,362.5,18.1,77.4,5.2,6.14,45.2,77.5,75.8,130.9,Drip,167.4,7.68,0.77,1.96,1.65,25180,24030,41547,17517,1181.2,1.397,37.6
SF00054,Karnataka,Warangal,Maize,Rabi,1.08,116.7,23.8,80.1,8.3,7.5,56.0,17.8,76.8,46.5,Sprinkler,195.3,4.56,0.72,1.61,1.74,74267,320626,129225,-191401,2141.2,0.813,30.4
SF00055,Maharashtra,Warangal,Groundnut,Zaid,3.0,866.6,29.6,47.4,4.7,5.77,18.7,27.2,69.5,21.3,Sprinkler,182.1,6.07,0.83,1.01,3.03,84910,79782,257277,177495,2746.9,1.103,50.9
SF00056,Karnataka,Rajkot,Sugarcane,Rabi,7.12,605.1,32.3,69.6,6.5,5.22,33.1,10.5,36.3,53.1,Drip,215.3,5.56,0.79,3.0,21.36,60363,348842,1289354,940512,1717.5,12.437,43.3
SF00057,Telangana,Ludhiana,Sugarcane,Zaid,6.44,220.7,19.1,45.2,10.3,6.03,45.7,78.2,19.7,47.2,Sprinkler,298.0,5.72,0.84,4.06,26.15,76947,319712,2012164,1692452,3328.8,7.856,31.8
SF00058,Telangana,Rajkot,Groundnut,Kharif,7.38,546.4,25.0,52.6,10.0,7.89,40.1,26.8,11.9,109.5,Rainfed,148.3,6.9,0.86,1.93,14.24,62350,333464,887864,554400,451.4,31.546,17.7
SF00059,Andhra Pradesh,Indore,Groundnut,Kharif,5.82,390.1,21.2,50.7,10.6,6.46,21.3,24.9,11.6,136.7,Drip,191.7,5.86,0.9,0.66,3.84,67372,192216,258708,66492,4103.3,0.936,41.6
SF00060,Maharashtra,Nalgonda,Pulses,Zaid,5.46,450.1,25.4,73.8,5.7,6.33,24.2,113.5,43.2,90.1,Rainfed,292.4,8.06,0.96,3.98,21.73,35176,333129,764374,431245,2008.3,10.82,21.6
SF00061,Karnataka,Ludhiana,Chilli,Kharif,5.59,753.5,32.4,46.9,5.8,6.92,53.7,85.4,13.7,136.9,Drip,142.7,7.87,0.71,2.7,15.09,75749,262053,1143052,880999,3893.3,3.876,64.3
SF00062,Andhra Pradesh,Indore,Wheat,Rabi,1.61,501.6,22.2,89.7,6.6,5.08,56.5,126.7,60.2,128.7,Flood,88.4,9.26,0.79,2.14,3.45,47102,256520,162502,-94018,4446.2,0.776,59.9
SF00063,Maharashtra,Nalgonda,Chilli,Kharif,6.19,720.9,22.3,46.1,5.7,6.92,41.1,14.1,76.1,85.0,Drip,219.0,6.18,0.89,2.27,14.05,18688,61537,262566,201029,291.2,48.249,27.5
SF00064,Andhra Pradesh,Ludhiana,Groundnut,Kharif,0.51,862.7,27.8,79.3,7.6,5.06,53.7,11.3,37.9,66.0,Drip,158.6,1.61,0.7,1.78,0.91,72600,118206,66066,-52140,3389.0,0.269,49.4
SF00065,Telangana,Nalgonda,Sugarcane,Zaid,1.28,482.8,21.3,46.7,9.0,7.83,11.8,34.2,72.2,142.9,Rainfed,285.3,5.64,1.0,2.74,3.51,61583,89945,216156,126211,412.8,8.503,42.6
SF00066,Andhra Pradesh,Warangal,Cotton,Kharif,2.4,739.5,25.9,60.0,7.1,7.87,27.0,32.1,63.8,65.1,Rainfed,256.3,7.54,0.63,3.46,8.3,43048,170004,357298,187294,1913.5,4.338,46.1
SF00067,Telangana,Warangal,Sugarcane,Zaid,6.67,674.1,21.0,62.2,7.1,7.18,55.6,94.2,42.0,105.9,Drip,96.5,6.74,0.75,2.59,17.28,60101,73790,1038545,964755,584.3,29.574,58.1
SF00068,Karnataka,Rajkot,Pulses,Kharif,5.6,288.8,29.6,58.1,10.6,5.1,17.7,70.2,36.5,76.6,Drip,206.3,5.77,0.76,4.3,24.08,36714,338543,884073,545530,3454.8,6.97,49.0
SF00069,Andhra Pradesh,Warangal,Cotton,Zaid,2.37,457.0,35.9,54.3,10.4,6.47,16.1,128.7,43.4,144.8,Sprinkler,299.4,8.29,0.99,0.78,1.85,42385,281642,78412,-203230,2685.2,0.689,69.2
SF00070,Maharashtra,Nalgonda,Groundnut,Zaid,5.51,279.4,35.7,79.6,5.7,6.48,28.0,88.0,44.7,157.5,Flood,214.6,1.78,0.72,3.28,18.07,89063,172233,1609368,1437135,4478.4,4.035,70.0
SF00071,Telangana,Rajkot,Sugarcane,Rabi,5.89,644.1,24.2,83.9,9.5,6.92,19.1,145.1,41.8,146.6,Drip,262.9,5.66,0.72,2.51,14.78,71665,321413,1059209,737796,554.0,26.679,19.7
SF00072,Telangana,Nalgonda,Cotton,Kharif,7.51,600.0,29.1,44.7,8.5,6.78,39.0,29.8,58.1,145.3,Rainfed,265.4,6.07,0.93,1.25,9.39,86012,168923,807653,638730,4260.5,2.204,11.7
SF00073,Karnataka,Ludhiana,Wheat,Rabi,0.84,811.2,27.8,72.1,6.1,5.73,50.4,63.9,43.6,113.3,Flood,176.7,5.36,0.68,2.99,2.51,52688,130524,132247,1723,3881.4,0.647,46.4
SF00074,Telangana,Ludhiana,Maize,Rabi,2.84,293.4,20.2,62.5,5.0,5.15,57.3,130.3,40.5,154.4,Flood,259.0,9.4,0.89,3.32,9.43,63268,229042,596617,367575,827.7,11.393,21.4
SF00075,Karnataka,Rajkot,Maize,Rabi,1.7,504.4,35.4,50.8,6.5,5.15,34.7,132.9,60.6,80.6,Drip,266.4,4.88,0.95,4.48,7.62,79186,281493,603397,321904,4419.6,1.724,53.7
SF00076,Maharashtra,Warangal,Cotton,Kharif,6.23,409.1,26.1,67.5,9.8,6.87,40.6,23.7,13.2,66.0,Rainfed,202.7,4.29,0.66,1.84,11.46,70505,46821,807987,761166,2937.4,3.901,46.1
SF00077,Karnataka,Ludhiana,Sugarcane,Kharif,3.51,585.0,27.3,56.4,8.3,5.49,59.5,112.2,30.4,60.5,Sprinkler,235.9,3.7,0.93,0.47,1.65,23100,91846,38115,-53731,3625.2,0.455,32.1
SF00078,Karnataka,Warangal,Rice,Zaid,5.55,141.1,26.6,66.2,9.0,7.32,29.0,124.1,25.6,95.9,Drip,122.0,4.97,0.77,4.42,24.53,58327,349913,1430761,1080848,327.9,74.809,34.8
SF00079,Maharashtra,Ludhiana,Groundnut,Zaid,2.03,482.7,24.8,87.8,7.2,6.6,37.3,103.0,78.8,112.1,Rainfed,214.2,2.73,0.7,2.41,4.89,79814,52653,390290,337637,3587.7,1.363,43.5
SF00080,Karnataka,Warangal,Sugarcane,Rabi,2.19,548.4,34.8,76.1,6.0,6.72,37.2,134.9,38.5,61.8,Flood,143.9,3.59,0.89,4.39,9.61,57008,171521,547847,376326,3583.5,2.682,30.8
SF00081,Telangana,Ludhiana,Cotton,Kharif,3.82,187.4,31.3,52.0,4.4,7.72,21.3,38.8,13.5,59.5,Sprinkler,102.1,7.94,0.6,1.38,5.27,80793,132190,425779,293589,1169.9,4.505,43.0
SF00082,Telangana,Warangal,Cotton,Zaid,7.47,147.3,31.8,72.6,5.6,7.22,52.5,10.4,83.3,72.7,Flood,285.5,1.33,0.93,2.01,15.01,80350,270320,1206054,935734,3322.6,4.518,57.3
SF00083,Andhra Pradesh,Warangal,Cotton,Rabi,1.9,891.3,27.8,64.7,10.6,7.55,33.4,33.0,14.6,34.4,Sprinkler,222.6,7.47,0.61,3.45,6.55,55941,39643,366414,326771,244.5,26.789,30.2
SF00084,Karnataka,Indore,Groundnut,Kharif,2.71,420.7,19.7,89.1,7.3,7.81,10.3,60.6,43.0,50.0,Rainfed,146.4,7.51,0.6,3.13,8.48,43318,112009,367337,255328,3132.6,2.707,49.2
SF00085,Karnataka,Ludhiana,Cotton,Zaid,5.7,193.9,34.5,54.8,8.3,5.66,16.7,27.2,68.6,100.9,Sprinkler,234.4,9.22,0.9,0.56,3.19,33495,264001,106849,-157152,1672.7,1.907,58.1
SF00086,Telangana,Rajkot,Maize,Kharif,6.69,763.0,34.3,50.1,7.8,5.49,52.7,69.1,62.8,117.5,Sprinkler,100.0,5.59,0.92,3.5,23.42,28730,295516,672857,377341,2344.4,9.99,37.2
SF00087,Telangana,Rajkot,Chilli,Rabi,4.35,753.2,31.4,68.9,4.3,6.03,13.2,149.1,84.4,20.4,Sprinkler,87.0,4.68,0.91,2.22,9.66,25567,312970,246977,-65993,2419.4,3.993,55.9
SF00088,Karnataka,Indore,Chilli,Rabi,7.84,164.2,35.4,83.7,4.9,7.58,15.9,149.0,38.4,29.1,Flood,263.7,7.81,0.99,3.01,23.6,73097,216325,1725089,1508764,4965.7,4.753,37.8
SF00089,Telangana,Nalgonda,Cotton,Kharif,5.89,849.9,31.1,45.6,9.7,6.26,48.3,133.1,6.3,40.9,Drip,210.7,5.02,0.87,2.08,12.25,67712,140410,829472,689062,1388.1,8.825,62.3
SF00090,Andhra Pradesh,Nalgonda,Cotton,Kharif,2.34,752.6,31.2,55.9,8.2,7.02,26.0,48.8,17.2,109.0,Flood,171.0,3.48,0.82,0.49,1.15,75535,142861,86865,-55996,2790.8,0.412,45.5
SF00091,Telangana,Indore,Groundnut,Zaid,6.01,433.1,20.7,58.8,9.3,6.42,52.5,48.6,65.1,130.9,Drip,203.7,9.71,0.82,1.04,6.25,73994,311425,462462,151037,2579.0,2.423,18.0
SF00092,Andhra Pradesh,Ludhiana,Rice,Kharif,2.32,314.8,30.1,70.1,10.1,5.56,48.1,110.0,52.5,81.9,Rainfed,146.7,9.18,0.68,1.15,2.67,28363,255817,75729,-180088,4266.2,0.626,21.4
SF00093,Maharashtra,Indore,Rice,Zaid,6.06,357.3,23.1,63.3,8.5,5.93,28.0,133.0,44.6,130.4,Sprinkler,247.6,3.88,0.68,3.44,20.85,80773,147188,1684117,1536929,3539.0,5.891,28.8
SF00094,Karnataka,Warangal,Pulses,Kharif,0.84,363.9,24.8,81.7,7.5,6.96,44.2,42.3,74.8,155.0,Sprinkler,181.4,7.59,0.74,3.93,3.3,37126,28503,122516,94013,1451.7,2.273,18.4
SF00095,Andhra Pradesh,Rajkot,Wheat,Rabi,4.6,210.0,29.4,43.4,5.1,5.66,32.8,13.8,59.2,150.1,Sprinkler,225.0,1.14,0.81,1.07,4.92,89058,50792,438165,387373,2714.9,1.812,34.7
SF00096,Karnataka,Nalgonda,Maize,Kharif,0.63,519.5,22.3,71.0,5.8,6.06,49.7,16.5,86.5,78.8,Flood,297.9,3.03,0.87,3.33,2.1,88220,170307,185262,14955,282.3,7.439,60.9
SF00097,Karnataka,Ludhiana,Sugarcane,Kharif,5.4,609.4,30.7,44.1,9.9,6.93,26.6,146.7,87.8,144.2,Drip,130.5,9.11,0.88,3.9,21.06,22152,69021,466521,397500,2145.3,9.817,44.0
SF00098,Andhra Pradesh,Nalgonda,Groundnut,Kharif,2.53,869.2,28.6,77.6,9.0,6.19,13.8,28.6,25.4,135.2,Sprinkler,228.9,5.87,0.75,4.18,10.58,54749,304704,579244,274540,2904.8,3.642,54.4
SF00099,Telangana,Rajkot,Maize,Rabi,6.43,285.7,19.4,70.3,8.3,6.79,58.4,52.3,58.9,127.5,Sprinkler,187.9,4.2,0.98,3.2,20.58,28279,282559,581982,299423,3778.2,5.447,35.9
SF00100,Maharashtra,Rajkot,Maize,Rabi,5.6,223.4,30.8,71.7,9.2,5.95,15.3,5.8,31.2,64.0,Rainfed,102.5,1.79,0.77,3.07,17.19,29232,344332,502498,158166,1617.8,10.626,43.4
SF00101,Telangana,Indore,Wheat,Rabi,4.34,431.0,32.0,76.2,7.9,7.98,22.1,80.6,63.3,35.4,Rainfed,146.2,5.44,0.63,0.73,3.17,29746,205553,94295,-111258,2860.3,1.108,36.1
SF00102,Maharashtra,Indore,Rice,Rabi,3.66,185.6,23.5,87.4,6.3,6.86,50.2,52.8,33.5,132.3,Flood,146.1,6.43,0.88,2.33,8.53,28082,209333,239539,30206,1408.2,6.057,38.7
SF00103,Karnataka,Ludhiana,Rice,Rabi,1.83,400.8,32.7,59.6,4.8,6.69,39.6,84.1,62.9,92.5,Sprinkler,287.5,2.89,0.92,1.97,3.61,59830,172802,215986,43184,3727.4,0.969,59.9
SF00104,Telangana,Nalgonda,Cotton,Zaid,1.02,223.3,25.6,58.8,7.1,6.79,39.1,82.5,83.5,140.4,Sprinkler,199.6,8.12,0.74,3.86,3.94,71627,281778,282210,432,868.1,4.539,63.7
SF00105,Telangana,Nalgonda,Wheat,Zaid,4.53,886.9,30.2,60.0,9.3,7.9,31.5,6.5,27.0,86.6,Flood,178.1,4.52,0.91,2.98,13.5,29138,77341,393363,316022,3891.0,3.47,45.3
SF00106,Karnataka,Rajkot,Maize,Zaid,4.25,213.3,23.6,62.8,5.4,6.45,33.8,68.5,64.2,57.8,Rainfed,89.8,7.4,0.61,1.75,7.44,21219,273111,157869,-115242,701.8,10.601,30.6
SF00107,Maharashtra,Warangal,Chilli,Rabi,1.32,285.5,25.3,49.2,8.5,6.3,11.5,94.0,21.8,98.8,Sprinkler,81.0,2.93,0.71,3.66,4.83,49970,290529,241355,-49174,1037.4,4.656,52.2
SF00108,Maharashtra,Indore,Maize,Rabi,6.47,636.6,26.8,88.3,6.2,6.17,29.6,21.6,34.9,78.7,Flood,259.0,7.35,0.72,2.72,17.6,88371,118020,1555330,1437310,1955.8,8.999,46.9
SF00109,Maharashtra,Warangal,Pulses,Zaid,1.14,410.8,28.7,68.7,7.0,6.46,36.9,138.3,84.1,36.0,Flood,187.7,2.26,0.73,0.86,0.98,33448,145080,32779,-112301,1665.8,0.588,37.1
SF00110,Karnataka,Ludhiana,Sugarcane,Rabi,0.9,647.8,25.5,82.0,7.4,5.25,11.5,115.4,29.8,51.2,Rainfed,117.0,5.12,0.9,1.81,1.63,19256,274074,31387,-242687,855.4,1.906,56.0
SF00111,Telangana,Ludhiana,Wheat,Zaid,4.62,453.1,21.9,61.3,9.2,6.96,22.4,131.8,7.7,49.4,Drip,176.6,9.95,0.91,0.78,3.6,32969,160450,118688,-41762,3920.5,0.918,24.2
SF00112,Maharashtra,Ludhiana,Pulses,Kharif,6.58,750.8,32.5,68.5,7.7,6.79,18.4,147.0,29.9,95.9,Drip,109.8,7.75,0.76,2.77,18.23,63957,339952,1165936,825984,3237.3,5.631,13.6
SF00113,Telangana,Nalgonda,Chilli,Rabi,2.58,213.7,29.4,71.4,6.6,5.23,49.7,116.5,39.2,122.5,Rainfed,180.0,5.39,0.83,3.05,7.87,35392,150902,278535,127633,902.0,8.725,62.1
SF00114,Karnataka,Nalgonda,Chilli,Kharif,6.85,495.8,23.8,54.2,7.8,5.39,52.6,119.3,81.0,124.3,Drip,101.9,8.06,0.78,0.69,4.73,78089,207811,369361,161550,4280.5,1.105,17.5
SF00115,Maharashtra,Warangal,Pulses,Rabi,6.93,174.7,24.5,44.1,8.7,6.95,12.6,95.7,66.7,123.3,Sprinkler,224.2,7.33,0.6,2.15,14.9,18088,244290,269511,25221,1171.1,12.723,38.6
SF00116,Telangana,Rajkot,Chilli,Zaid,1.5,205.7,19.3,59.2,9.1,5.31,25.7,132.7,16.7,126.0,Flood,221.1,7.09,0.63,1.25,1.88,76335,24869,143510,118641,238.7,7.876,43.8
SF00117,Maharashtra,Indore,Sugarcane,Kharif,5.08,169.4,19.8,77.6,8.1,6.15,58.2,50.6,16.9,51.5,Drip,134.6,6.41,0.89,0.99,5.03,64030,131702,322071,190369,3214.8,1.565,27.1
SF00118,Maharashtra,Indore,Cotton,Zaid,7.56,143.7,34.2,87.7,7.5,5.34,35.0,91.1,49.9,156.7,Rainfed,285.5,2.19,0.94,0.41,3.1,57537,127712,178365,50653,2685.2,1.154,44.1
SF00119,Andhra Pradesh,Rajkot,Cotton,Kharif,3.24,131.9,19.1,79.5,7.5,6.89,35.1,65.2,64.7,22.4,Flood,141.0,3.79,0.8,3.17,10.27,79736,58268,818889,760621,280.1,36.665,22.2
SF00120,Andhra Pradesh,Warangal,Chilli,Zaid,6.56,862.7,22.3,52.2,10.5,5.35,40.6,13.0,61.6,108.7,Flood,106.3,7.37,0.88,2.55,16.73,69213,327461,1157933,830472,3244.6,5.156,19.8
